Name,ML 01,ML 02,ML 03
Abdullah Aziz,1,1,1
Abubakkar Abdullah,1,1,1
Aqsa Jabeen,1,1,1
Asghar Rehman,1,1,1
Ayesha Imran,1,1,1
Irum Rahim,1,1,1
Hasaan Mujtaba,1,1,1
Umer Ijaz,1,1,1
Quratulain,1,1,1
Rashid Iqbal,1,1,1
Saira Mumtaz,1,1,1
Shahzaib Abbasi,1,1,1
Shaista Shahid,1,1,1
Bilal Akhtar,1,1,1
Hannan Ishtiaq,1,1,1
Lulul Uzma Shaik,1,1,1
Maleeha Syed,1,1,1
Rumana Shahid,1,1,1
Samia Shaukat,1,1,1
Syed Haseeb ul Hassan,1,1,1
Waleed Rafique,1,1,1
Mariam Mannan,1,1,1
Saira Manzoor,1,1,1
Taha Bin Owais,1,1,1
Beenish Amir ,1,1,1
Farhan Hossein,0,1,1
Hira Siddiqui,1,1,1
Mahwish Naz,1,1,1
Mubashir Aziz,1,1,1
Mugheera Ahmed,1,1,0
Aquib Javed,1,1,1
Romasha Khurshid,1,1,1
Hammas Shahid,1,1,1
Hamza,1,0,1
Irum Gilani,1,1,1
Junaid Iqbal,0,1,1
Khalid Mehmood,1,1,1
M.Faizan Mahmood,1,1,0
mashal farrukh,1,1,1
Saad Akbar,1,1,1
Saad Ali,1,1,1
Eesha Razia,1,1,0
Nehal Akhtar,0,0,1
Saba Azad,1,0,1
Zohaib Saqib,1,1,1
Humayun Khan,1,1,1
Saireen Badar,1,1,1
Umair Rashid,1,1,1
Shabbeer Husain,1,1,0
Inayat Hussain,1,1,1
Saad Ashraf,1,0,1
Abdul Rafay,1,0,1
Anas Ghouri,1,1,1
Areeb Ur Rehman,1,1,1
Beenish Amir,1,1,0
Haider Ali,1,1,1
Malik Moshin,1,1,1
Mubashir Aziz,1,1,1
Rabia Nusrat,1,1,0
Tahleel haider,1,1,1
Muhammad Asif Khan,0,1,1
Husnain,1,1,1
Shanza Bakht,1,0,1
Mehmood Ahmad,1,1,1
Noor-ud-din Butt,1,1,1
Muhammad Haroon,0,1,1
Muhammad Tayyab,1,1,Excused
Abdul Waseh,1,1,Excused
Saad Saud,0,1,1
Sohail Ashraf,1,1,0
Hijab Maroof ,0,1,0
Syed Abdullah,1,1,0
Abrar Saeed,1,0,1
Ahsen Niaz,1,1,0
Farhan Ali,1,0,1
Mehwish Muneeb,1,0,0
Tooba Hadia,0,0,0
Hira Tariq,1,1,0
Syed Haseeb,1,1,0
Saad Shakoor,1,Excused,Excused
Shahid Shah,0,0,0
Ahsan Minhas,0,1,
Muhammad Abdullah,0,0,1
Husnain Bukhari,0,0,0
Muhammad Abdur Rehman,0,0,0
Muhammad Khaliq uz Zaman,0,0,0
